"GeoFips","GeoName","LineCode","Description","2016"
"00000","United States","1","RPPs: All items",100.0
"00999","United States (Nonmetropolitan Portion)1/","1","RPPs: All items",87.6
"10180","Abilene, TX (Metropolitan Statistical Area)","1","RPPs: All items",91.5
"10420","Akron, OH (Metropolitan Statistical Area)","1","RPPs: All items",90.0
"10500","Albany, GA (Metropolitan Statistical Area)","1","RPPs: All items",83.3
"10540","Albany, OR (Metropolitan Statistical Area)","1","RPPs: All items",94.6
"10580","Albany-Schenectady-Troy, NY (Metropolitan Statistical Area)","1","RPPs: All items",100.4
"10740","Albuquerque, NM (Metropolitan Statistical Area)","1","RPPs: All items",96.3
"10780","Alexandria, LA (Metropolitan Statistical Area)","1","RPPs: All items",87.9
"10900","Allentown-Bethlehem-Easton, PA-NJ (Metropolitan Statistical Area)","1","RPPs: All items",100.8
"11020","Altoona, PA (Metropolitan Statistical Area)","1","RPPs: All items",90.7
"11100","Amarillo, TX (Metropolitan Statistical Area)","1","RPPs: All items",93.0
"11180","Ames, IA (Metropolitan Statistical Area)","1","RPPs: All items",91.6
"11260","Anchorage, AK (Metropolitan Statistical Area)","1","RPPs: All items",109.2
"11460","Ann Arbor, MI (Metropolitan Statistical Area)","1","RPPs: All items",101.8
"11500","Anniston-Oxford-Jacksonville, AL (Metropolitan Statistical Area)","1","RPPs: All items",83.8
"11540","Appleton, WI (Metropolitan Statistical Area)","1","RPPs: All items",91.9
"11700","Asheville, NC (Metropolitan Statistical Area)","1","RPPs: All items",92.6
"12020","Athens-Clarke County, GA (Metropolitan Statistical Area)","1","RPPs: All items",90.8
"12060","Atlanta-Sandy Springs-Roswell, GA (Metropolitan Statistical Area)","1","RPPs: All items",96.3
"12100","Atlantic City-Hammonton, NJ (Metropolitan Statistical Area)","1","RPPs: All items",103.5
"12220","Auburn-Opelika, AL (Metropolitan Statistical Area)","1","RPPs: All items",84.6
"12260","Augusta-Richmond County, GA-SC (Metropolitan Statistical Area)","1","RPPs: All items",88.3
"12420","Austin-Round Rock, TX (Metropolitan Statistical Area)","1","RPPs: All items",100.0
"12540","Bakersfield, CA (Metropolitan Statistical Area)","1","RPPs: All items",96.7
"12580","Baltimore-Columbia-Towson, MD (Metropolitan Statistical Area)","1","RPPs: All items",107.2
"12620","Bangor, ME (Metropolitan Statistical Area)","1","RPPs: All items",95.7
"12700","Barnstable Town, MA (Metropolitan Statistical Area)","1","RPPs: All items",103.9
"12940","Baton Rouge, LA (Metropolitan Statistical Area)","1","RPPs: All items",93.0
"12980","Battle Creek, MI (Metropolitan Statistical Area)","1","RPPs: All items",90.6
"13020","Bay City, MI (Metropolitan Statistical Area)","1","RPPs: All items",86.9
"13140","Beaumont-Port Arthur, TX (Metropolitan Statistical Area)","1","RPPs: All items",89.8
"13220","Beckley, WV (Metropolitan Statistical Area)","1","RPPs: All items",78.8
"13380","Bellingham, WA (Metropolitan Statistical Area)","1","RPPs: All items",99.4
"13460","Bend-Redmond, OR (Metropolitan Statistical Area)","1","RPPs: All items",99.0
"13740","Billings, MT (Metropolitan Statistical Area)","1","RPPs: All items",97.5
"13780","Binghamton, NY (Metropolitan Statistical Area)","1","RPPs: All items",95.9
"13820","Birmingham-Hoover, AL (Metropolitan Statistical Area)","1","RPPs: All items",88.8
"13900","Bismarck, ND (Metropolitan Statistical Area)","1","RPPs: All items",93.9
"13980","Blacksburg-Christiansburg-Radford, VA (Metropolitan Statistical Area)","1","RPPs: All items",88.5
"14010","Bloomington, IL (Metropolitan Statistical Area)","1","RPPs: All items",93.8
"14020","Bloomington, IN (Metropolitan Statistical Area)","1","RPPs: All items",93.7
"14100","Bloomsburg-Berwick, PA (Metropolitan Statistical Area)","1","RPPs: All items",93.3
"14260","Boise City, ID (Metropolitan Statistical Area)","1","RPPs: All items",94.8
"14460","Boston-Cambridge-Newton, MA-NH (Metropolitan Statistical Area)","1","RPPs: All items",111.1
"14500","Boulder, CO (Metropolitan Statistical Area)","1","RPPs: All items",108.9
"14540","Bowling Green, KY (Metropolitan Statistical Area)","1","RPPs: All items",85.1
"14740","Bremerton-Silverdale, WA (Metropolitan Statistical Area)","1","RPPs: All items",106.4
"14860","Bridgeport-Stamford-Norwalk, CT (Metropolitan Statistical Area)","1","RPPs: All items",120.1
"15180","Brownsville-Harlingen, TX (Metropolitan Statistical Area)","1","RPPs: All items",83.8
"15260","Brunswick, GA (Metropolitan Statistical Area)","1","RPPs: All items",85.6
"15380","Buffalo-Cheektowaga-Niagara Falls, NY (Metropolitan Statistical Area)","1","RPPs: All items",94.4
"15500","Burlington, NC (Metropolitan Statistical Area)","1","RPPs: All items",89.4
"15540","Burlington-South Burlington, VT (Metropolitan Statistical Area)","1","RPPs: All items",104.6
"15680","California-Lexington Park, MD (Metropolitan Statistical Area)","1","RPPs: All items",100.3
"15940","Canton-Massillon, OH (Metropolitan Statistical Area)","1","RPPs: All items",88.6
"15980","Cape Coral-Fort Myers, FL (Metropolitan Statistical Area)","1","RPPs: All items",95.9
"16020","Cape Girardeau, MO-IL (Metropolitan Statistical Area)","1","RPPs: All items",82.7
"16060","Carbondale-Marion, IL (Metropolitan Statistical Area)","1","RPPs: All items",83.5
"16180","Carson City, NV (Metropolitan Statistical Area)","1","RPPs: All items",95.6
"16220","Casper, WY (Metropolitan Statistical Area)","1","RPPs: All items",97.6
"16300","Cedar Rapids, IA (Metropolitan Statistical Area)","1","RPPs: All items",89.3
"16540","Chambersburg-Waynesboro, PA (Metropolitan Statistical Area)","1","RPPs: All items",94.2
"16580","Champaign-Urbana, IL (Metropolitan Statistical Area)","1","RPPs: All items",93.7
"16620","Charleston, WV (Metropolitan Statistical Area)","1","RPPs: All items",87.3
"16700","Charleston-North Charleston, SC (Metropolitan Statistical Area)","1","RPPs: All items",96.2
"16740","Charlotte-Concord-Gastonia, NC-SC (Metropolitan Statistical Area)","1","RPPs: All items",93.5
"16820","Charlottesville, VA (Metropolitan Statistical Area)","1","RPPs: All items",97.9
"16860","Chattanooga, TN-GA (Metropolitan Statistical Area)","1","RPPs: All items",89.3
"16940","Cheyenne, WY (Metropolitan Statistical Area)","1","RPPs: All items",97.4
"16980","Chicago-Naperville-Elgin, IL-IN-WI (Metropolitan Statistical Area)","1","RPPs: All items",103.8
"17020","Chico, CA (Metropolitan Statistical Area)","1","RPPs: All items",99.0
"17140","Cincinnati, OH-KY-IN (Metropolitan Statistical Area)","1","RPPs: All items",89.6
"17300","Clarksville, TN-KY (Metropolitan Statistical Area)","1","RPPs: All items",90.4
"17420","Cleveland, TN (Metropolitan Statistical Area)","1","RPPs: All items",83.4
"17460","Cleveland-Elyria, OH (Metropolitan Statistical Area)","1","RPPs: All items",90.2
"17660","Coeur d'Alene, ID (Metropolitan Statistical Area)","1","RPPs: All items",94.0
"17780","College Station-Bryan, TX (Metropolitan Statistical Area)","1","RPPs: All items",93.3
"17820","Colorado Springs, CO (Metropolitan Statistical Area)","1","RPPs: All items",99.6
"17860","Columbia, MO (Metropolitan Statistical Area)","1","RPPs: All items",91.4
"17900","Columbia, SC (Metropolitan Statistical Area)","1","RPPs: All items",91.8
"17980","Columbus, GA-AL (Metropolitan Statistical Area)","1","RPPs: All items",89.3
"18020","Columbus, IN (Metropolitan Statistical Area)","1","RPPs: All items",88.8
"18140","Columbus, OH (Metropolitan Statistical Area)","1","RPPs: All items",93.0
"18580","Corpus Christi, TX (Metropolitan Statistical Area)","1","RPPs: All items",93.4
"18700","Corvallis, OR (Metropolitan Statistical Area)","1","RPPs: All items",100.3
"18880","Crestview-Fort Walton Beach-Destin, FL (Metropolitan Statistical Area)","1","RPPs: All items",94.8
"19060","Cumberland, MD-WV (Metropolitan Statistical Area)","1","RPPs: All items",88.1
"19100","Dallas-Fort Worth-Arlington, TX (Metropolitan Statistical Area)","1","RPPs: All items",100.2
"19140","Dalton, GA (Metropolitan Statistical Area)","1","RPPs: All items",83.4
"19180","Danville, IL (Metropolitan Statistical Area)","1","RPPs: All items",80.4
"19300","Daphne-Fairhope-Foley, AL (Metropolitan Statistical Area)","1","RPPs: All items",91.3
"19340","Davenport-Moline-Rock Island, IA-IL (Metropolitan Statistical Area)","1","RPPs: All items",90.2
"19380","Dayton, OH (Metropolitan Statistical Area)","1","RPPs: All items",90.0
"19460","Decatur, AL (Metropolitan Statistical Area)","1","RPPs: All items",84.3
"19500","Decatur, IL (Metropolitan Statistical Area)","1","RPPs: All items",86.1
"19660","Deltona-Daytona Beach-Ormond Beach, FL (Metropolitan Statistical Area)","1","RPPs: All items",95.4
"19740","Denver-Aurora-Lakewood, CO (Metropolitan Statistical Area)","1","RPPs: All items",106.0
"19780","Des Moines-West Des Moines, IA (Metropolitan Statistical Area)","1","RPPs: All items",94.5
"19820","Detroit-Warren-Dearborn, MI (Metropolitan Statistical Area)","1","RPPs: All items",95.9
"20020","Dothan, AL (Metropolitan Statistical Area)","1","RPPs: All items",84.1
"20100","Dover, DE (Metropolitan Statistical Area)","1","RPPs: All items",94.4
"20220","Dubuque, IA (Metropolitan Statistical Area)","1","RPPs: All items",91.5
"20260","Duluth, MN-WI (Metropolitan Statistical Area)","1","RPPs: All items",90.3
"20500","Durham-Chapel Hill, NC (Metropolitan Statistical Area)","1","RPPs: All items",95.2
"20700","East Stroudsburg, PA (Metropolitan Statistical Area)","1","RPPs: All items",97.1
"20740","Eau Claire, WI (Metropolitan Statistical Area)","1","RPPs: All items",91.2
"20940","El Centro, CA (Metropolitan Statistical Area)","1","RPPs: All items",89.3
"21060","Elizabethtown-Fort Knox, KY (Metropolitan Statistical Area)","1","RPPs: All items",85.3
"21140","Elkhart-Goshen, IN (Metropolitan Statistical Area)","1","RPPs: All items",90.2
"21300","Elmira, NY (Metropolitan Statistical Area)","1","RPPs: All items",95.3
"21340","El Paso, TX (Metropolitan Statistical Area)","1","RPPs: All items",88.7
"21420","Enid, OK (Metropolitan Statistical Area)2/","1","RPPs: All items",90.4
"21500","Erie, PA (Metropolitan Statistical Area)","1","RPPs: All items",92.7
"21660","Eugene, OR (Metropolitan Statistical Area)","1","RPPs: All items",97.8
"21780","Evansville, IN-KY (Metropolitan Statistical Area)","1","RPPs: All items",89.4
"21820","Fairbanks, AK (Metropolitan Statistical Area)","1","RPPs: All items",106.6
"22020","Fargo, ND-MN (Metropolitan Statistical Area)","1","RPPs: All items",92.6
"22140","Farmington, NM (Metropolitan Statistical Area)","1","RPPs: All items",91.0
"22180","Fayetteville, NC (Metropolitan Statistical Area)","1","RPPs: All items",89.9
"22220","Fayetteville-Springdale-Rogers, AR-MO (Metropolitan Statistical Area)","1","RPPs: All items",89.5
"22380","Flagstaff, AZ (Metropolitan Statistical Area)","1","RPPs: All items",98.0
"22420","Flint, MI (Metropolitan Statistical Area)","1","RPPs: All items",90.4
"22500","Florence, SC (Metropolitan Statistical Area)","1","RPPs: All items",85.5
"22520","Florence-Muscle Shoals, AL (Metropolitan Statistical Area)","1","RPPs: All items",84.2
"22540","Fond du Lac, WI (Metropolitan Statistical Area)","1","RPPs: All items",87.1
"22660","Fort Collins, CO (Metropolitan Statistical Area)","1","RPPs: All items",101.9
"22900","Fort Smith, AR-OK (Metropolitan Statistical Area)","1","RPPs: All items",84.6
"23060","Fort Wayne, IN (Metropolitan Statistical Area)","1","RPPs: All items",89.9
"23420","Fresno, CA (Metropolitan Statistical Area)","1","RPPs: All items",96.3
"23460","Gadsden, AL (Metropolitan Statistical Area)","1","RPPs: All items",83.3
"23540","Gainesville, FL (Metropolitan Statistical Area)","1","RPPs: All items",94.3
"23580","Gainesville, GA (Metropolitan Statistical Area)","1","RPPs: All items",88.5
"23900","Gettysburg, PA (Metropolitan Statistical Area)","1","RPPs: All items",96.1
"24020","Glens Falls, NY (Metropolitan Statistical Area)","1","RPPs: All items",96.4
"24140","Goldsboro, NC (Metropolitan Statistical Area)","1","RPPs: All items",86.8
"24220","Grand Forks, ND-MN (Metropolitan Statistical Area)","1","RPPs: All items",93.2
"24260","Grand Island, NE (Metropolitan Statistical Area)","1","RPPs: All items",85.9
"24300","Grand Junction, CO (Metropolitan Statistical Area)","1","RPPs: All items",94.0
"24340","Grand Rapids-Wyoming, MI (Metropolitan Statistical Area)","1","RPPs: All items",93.5
"24420","Grants Pass, OR (Metropolitan Statistical Area)","1","RPPs: All items",93.4
"24500","Great Falls, MT (Metropolitan Statistical Area)","1","RPPs: All items",92.6
"24540","Greeley, CO (Metropolitan Statistical Area)","1","RPPs: All items",99.2
"24580","Green Bay, WI (Metropolitan Statistical Area)","1","RPPs: All items",91.1
"24660","Greensboro-High Point, NC (Metropolitan Statistical Area)","1","RPPs: All items",89.8
"24780","Greenville, NC (Metropolitan Statistical Area)","1","RPPs: All items",88.1
"24860","Greenville-Anderson-Mauldin, SC (Metropolitan Statistical Area)","1","RPPs: All items",89.6
"25060","Gulfport-Biloxi-Pascagoula, MS (Metropolitan Statistical Area)","1","RPPs: All items",89.2
"25180","Hagerstown-Martinsburg, MD-WV (Metropolitan Statistical Area)","1","RPPs: All items",100.5
"25220","Hammond, LA (Metropolitan Statistical Area)","1","RPPs: All items",85.3
"25260","Hanford-Corcoran, CA (Metropolitan Statistical Area)","1","RPPs: All items",94.1
"25420","Harrisburg-Carlisle, PA (Metropolitan Statistical Area)","1","RPPs: All items",96.6
"25500","Harrisonburg, VA (Metropolitan Statistical Area)","1","RPPs: All items",88.6
"25540","Hartford-West Hartford-East Hartford, CT (Metropolitan Statistical Area)","1","RPPs: All items",101.5
"25620","Hattiesburg, MS (Metropolitan Statistical Area)","1","RPPs: All items",82.1
"25860","Hickory-Lenoir-Morganton, NC (Metropolitan Statistical Area)","1","RPPs: All items",86.7
"25940","Hilton Head Island-Bluffton-Beaufort, SC (Metropolitan Statistical Area)","1","RPPs: All items",94.6
"25980","Hinesville, GA (Metropolitan Statistical Area)","1","RPPs: All items",90.3
"26140","Homosassa Springs, FL (Metropolitan Statistical Area)","1","RPPs: All items",87.4
"26300","Hot Springs, AR (Metropolitan Statistical Area)","1","RPPs: All items",85.2
"26380","Houma-Thibodaux, LA (Metropolitan Statistical Area)","1","RPPs: All items",90.8
"26420","Houston-The Woodlands-Sugar Land, TX (Metropolitan Statistical Area)","1","RPPs: All items",101.6
"26580","Huntington-Ashland, WV-KY-OH (Metropolitan Statistical Area)","1","RPPs: All items",86.0
"26620","Huntsville, AL (Metropolitan Statistical Area)","1","RPPs: All items",89.4
"26820","Idaho Falls, ID (Metropolitan Statistical Area)","1","RPPs: All items",89.8
"26900","Indianapolis-Carmel-Anderson, IN (Metropolitan Statistical Area)","1","RPPs: All items",92.8
"26980","Iowa City, IA (Metropolitan Statistical Area)","1","RPPs: All items",95.7
"27060","Ithaca, NY (Metropolitan Statistical Area)","1","RPPs: All items",106.4
"27100","Jackson, MI (Metropolitan Statistical Area)","1","RPPs: All items",89.6
"27140","Jackson, MS (Metropolitan Statistical Area)","1","RPPs: All items",90.1
"27180","Jackson, TN (Metropolitan Statistical Area)","1","RPPs: All items",82.1
"27260","Jacksonville, FL (Metropolitan Statistical Area)","1","RPPs: All items",95.8
"27340","Jacksonville, NC (Metropolitan Statistical Area)","1","RPPs: All items",92.7
"27500","Janesville-Beloit, WI (Metropolitan Statistical Area)","1","RPPs: All items",91.7
"27620","Jefferson City, MO (Metropolitan Statistical Area)","1","RPPs: All items",82.2
"27740","Johnson City, TN (Metropolitan Statistical Area)","1","RPPs: All items",88.0
"27780","Johnstown, PA (Metropolitan Statistical Area)","1","RPPs: All items",86.7
"27860","Jonesboro, AR (Metropolitan Statistical Area)","1","RPPs: All items",81.8
"27900","Joplin, MO (Metropolitan Statistical Area)","1","RPPs: All items",87.8
"27980","Kahului-Wailuku-Lahaina, HI (Metropolitan Statistical Area)","1","RPPs: All items",106.5
"28020","Kalamazoo-Portage, MI (Metropolitan Statistical Area)","1","RPPs: All items",91.2
"28100","Kankakee, IL (Metropolitan Statistical Area)","1","RPPs: All items",96.3
"28140","Kansas City, MO-KS (Metropolitan Statistical Area)","1","RPPs: All items",93.7
"28420","Kennewick-Richland, WA (Metropolitan Statistical Area)","1","RPPs: All items",97.1
"28660","Killeen-Temple, TX (Metropolitan Statistical Area)","1","RPPs: All items",91.6
"28700","Kingsport-Bristol-Bristol, TN-VA (Metropolitan Statistical Area)","1","RPPs: All items",85.1
"28740","Kingston, NY (Metropolitan Statistical Area)","1","RPPs: All items",103.6
"28940","Knoxville, TN (Metropolitan Statistical Area)","1","RPPs: All items",88.5
"29020","Kokomo, IN (Metropolitan Statistical Area)","1","RPPs: All items",85.7
"29100","La Crosse-Onalaska, WI-MN (Metropolitan Statistical Area)","1","RPPs: All items",93.1
"29180","Lafayette, LA (Metropolitan Statistical Area)","1","RPPs: All items",88.7
"29200","Lafayette-West Lafayette, IN (Metropolitan Statistical Area)","1","RPPs: All items",92.1
"29340","Lake Charles, LA (Metropolitan Statistical Area)","1","RPPs: All items",88.1
"29420","Lake Havasu City-Kingman, AZ (Metropolitan Statistical Area)","1","RPPs: All items",91.8
"29460","Lakeland-Winter Haven, FL (Metropolitan Statistical Area)","1","RPPs: All items",92.9
"29540","Lancaster, PA (Metropolitan Statistical Area)","1","RPPs: All items",99.4
"29620","Lansing-East Lansing, MI (Metropolitan Statistical Area)","1","RPPs: All items",93.0
"29700","Laredo, TX (Metropolitan Statistical Area)","1","RPPs: All items",89.1
"29740","Las Cruces, NM (Metropolitan Statistical Area)","1","RPPs: All items",91.1
"29820","Las Vegas-Henderson-Paradise, NV (Metropolitan Statistical Area)","1","RPPs: All items",97.8
"29940","Lawrence, KS (Metropolitan Statistical Area)","1","RPPs: All items",92.7
"30020","Lawton, OK (Metropolitan Statistical Area)","1","RPPs: All items",89.7
"30140","Lebanon, PA (Metropolitan Statistical Area)","1","RPPs: All items",95.4
"30300","Lewiston, ID-WA (Metropolitan Statistical Area)","1","RPPs: All items",90.7
"30340","Lewiston-Auburn, ME (Metropolitan Statistical Area)","1","RPPs: All items",94.3
"30460","Lexington-Fayette, KY (Metropolitan Statistical Area)","1","RPPs: All items",91.3
"30620","Lima, OH (Metropolitan Statistical Area)","1","RPPs: All items",87.1
"30700","Lincoln, NE (Metropolitan Statistical Area)","1","RPPs: All items",92.5
"30780","Little Rock-North Little Rock-Conway, AR (Metropolitan Statistical Area)","1","RPPs: All items",90.5
"30860","Logan, UT-ID (Metropolitan Statistical Area)","1","RPPs: All items",91.1
"30980","Longview, TX (Metropolitan Statistical Area)","1","RPPs: All items",90.9
"31020","Longview, WA (Metropolitan Statistical Area)","1","RPPs: All items",94.3
"31080","Los Angeles-Long Beach-Anaheim, CA (Metropolitan Statistical Area)","1","RPPs: All items",117.7
"31140","Louisville/Jefferson County, KY-IN (Metropolitan Statistical Area)","1","RPPs: All items",91.0
"31180","Lubbock, TX (Metropolitan Statistical Area)","1","RPPs: All items",93.2
"31340","Lynchburg, VA (Metropolitan Statistical Area)","1","RPPs: All items",89.8
"31420","Macon-Bibb County, GA (Metropolitan Statistical Area)","1","RPPs: All items",86.2
"31460","Madera, CA (Metropolitan Statistical Area)","1","RPPs: All items",94.7
"31540","Madison, WI (Metropolitan Statistical Area)","1","RPPs: All items",97.7
"31700","Manchester-Nashua, NH (Metropolitan Statistical Area)","1","RPPs: All items",108.5
"31740","Manhattan, KS (Metropolitan Statistical Area)","1","RPPs: All items",92.3
"31860","Mankato-North Mankato, MN (Metropolitan Statistical Area)","1","RPPs: All items",90.2
"31900","Mansfield, OH (Metropolitan Statistical Area)","1","RPPs: All items",86.3
"32580","McAllen-Edinburg-Mission, TX (Metropolitan Statistical Area)","1","RPPs: All items",84.5
"32780","Medford, OR (Metropolitan Statistical Area)","1","RPPs: All items",97.6
"32820","Memphis, TN-MS-AR (Metropolitan Statistical Area)","1","RPPs: All items",91.0
"32900","Merced, CA (Metropolitan Statistical Area)","1","RPPs: All items",94.1
"33100","Miami-Fort Lauderdale-West Palm Beach, FL (Metropolitan Statistical Area)","1","RPPs: All items",107.6
"33140","Michigan City-La Porte, IN (Metropolitan Statistical Area)","1","RPPs: All items",85.7
"33220","Midland, MI (Metropolitan Statistical Area)","1","RPPs: All items",91.8
"33260","Midland, TX (Metropolitan Statistical Area)","1","RPPs: All items",100.8
"33340","Milwaukee-Waukesha-West Allis, WI (Metropolitan Statistical Area)","1","RPPs: All items",95.6
"33460","Minneapolis-St. Paul-Bloomington, MN-WI (Metropolitan Statistical Area)","1","RPPs: All items",102.3
"33540","Missoula, MT (Metropolitan Statistical Area)","1","RPPs: All items",95.8
"33660","Mobile, AL (Metropolitan Statistical Area)","1","RPPs: All items",87.4
"33700","Modesto, CA (Metropolitan Statistical Area)","1","RPPs: All items",97.8
"33740","Monroe, LA (Metropolitan Statistical Area)","1","RPPs: All items",84.7
"33780","Monroe, MI (Metropolitan Statistical Area)","1","RPPs: All items",94.0
"33860","Montgomery, AL (Metropolitan Statistical Area)","1","RPPs: All items",89.1
"34060","Morgantown, WV (Metropolitan Statistical Area)","1","RPPs: All items",91.5
"34100","Morristown, TN (Metropolitan Statistical Area)","1","RPPs: All items",79.5
"34580","Mount Vernon-Anacortes, WA (Metropolitan Statistical Area)","1","RPPs: All items",97.9
"34620","Muncie, IN (Metropolitan Statistical Area)","1","RPPs: All items",86.9
"34740","Muskegon, MI (Metropolitan Statistical Area)","1","RPPs: All items",87.5
"34820","Myrtle Beach-Conway-North Myrtle Beach, SC-NC (Metropolitan Statistical Area)","1","RPPs: All items",91.1
"34900","Napa, CA (Metropolitan Statistical Area)","1","RPPs: All items",121.9
"34940","Naples-Immokalee-Marco Island, FL (Metropolitan Statistical Area)","1","RPPs: All items",100.9
"34980","Nashville-Davidson--Murfreesboro--Franklin, TN (Metropolitan Statistical Area)","1","RPPs: All items",94.4
"35100","New Bern, NC (Metropolitan Statistical Area)","1","RPPs: All items",85.4
"35300","New Haven-Milford, CT (Metropolitan Statistical Area)","1","RPPs: All items",111.4
"35380","New Orleans-Metairie, LA (Metropolitan Statistical Area)","1","RPPs: All items",95.2
"35620","New York-Newark-Jersey City, NY-NJ-PA (Metropolitan Statistical Area)","1","RPPs: All items",122.0
"35660","Niles-Benton Harbor, MI (Metropolitan Statistical Area)","1","RPPs: All items",89.0
"35840","North Port-Sarasota-Bradenton, FL (Metropolitan Statistical Area)","1","RPPs: All items",99.0
"35980","Norwich-New London, CT (Metropolitan Statistical Area)","1","RPPs: All items",101.0
"36100","Ocala, FL (Metropolitan Statistical Area)","1","RPPs: All items",90.2
"36140","Ocean City, NJ (Metropolitan Statistical Area)","1","RPPs: All items",106.1
"36220","Odessa, TX (Metropolitan Statistical Area)","1","RPPs: All items",96.8
"36260","Ogden-Clearfield, UT (Metropolitan Statistical Area)","1","RPPs: All items",95.1
"36420","Oklahoma City, OK (Metropolitan Statistical Area)","1","RPPs: All items",91.6
"36500","Olympia-Tumwater, WA (Metropolitan Statistical Area)","1","RPPs: All items",106.9
"36540","Omaha-Council Bluffs, NE-IA (Metropolitan Statistical Area)","1","RPPs: All items",93.4
"36740","Orlando-Kissimmee-Sanford, FL (Metropolitan Statistical Area)","1","RPPs: All items",98.0
"36780","Oshkosh-Neenah, WI (Metropolitan Statistical Area)","1","RPPs: All items",91.1
"36980","Owensboro, KY (Metropolitan Statistical Area)","1","RPPs: All items",87.0
"37100","Oxnard-Thousand Oaks-Ventura, CA (Metropolitan Statistical Area)","1","RPPs: All items",117.2
"37340","Palm Bay-Melbourne-Titusville, FL (Metropolitan Statistical Area)","1","RPPs: All items",95.6
"37460","Panama City, FL (Metropolitan Statistical Area)","1","RPPs: All items",93.7
"37620","Parkersburg-Vienna, WV (Metropolitan Statistical Area)","1","RPPs: All items",86.9
"37860","Pensacola-Ferry Pass-Brent, FL (Metropolitan Statistical Area)","1","RPPs: All items",92.3
"37900","Peoria, IL (Metropolitan Statistical Area)","1","RPPs: All items",90.8
"37980","Philadelphia-Camden-Wilmington, PA-NJ-DE-MD (Metropolitan Statistical Area)","1","RPPs: All items",105.9
"38060","Phoenix-Mesa-Scottsdale, AZ (Metropolitan Statistical Area)","1","RPPs: All items",97.1
"38220","Pine Bluff, AR (Metropolitan Statistical Area)","1","RPPs: All items",82.9
"38300","Pittsburgh, PA (Metropolitan Statistical Area)","1","RPPs: All items",94.3
"38340","Pittsfield, MA (Metropolitan Statistical Area)","1","RPPs: All items",96.2
"38540","Pocatello, ID (Metropolitan Statistical Area)","1","RPPs: All items",88.9
"38860","Portland-South Portland, ME (Metropolitan Statistical Area)","1","RPPs: All items",101.7
"38900","Portland-Vancouver-Hillsboro, OR-WA (Metropolitan Statistical Area)","1","RPPs: All items",101.7
"38940","Port St. Lucie, FL (Metropolitan Statistical Area)","1","RPPs: All items",96.7
"39140","Prescott, AZ (Metropolitan Statistical Area)","1","RPPs: All items",95.6
"39300","Providence-Warwick, RI-MA (Metropolitan Statistical Area)","1","RPPs: All items",99.7
"39340","Provo-Orem, UT (Metropolitan Statistical Area)","1","RPPs: All items",96.8
"39380","Pueblo, CO (Metropolitan Statistical Area)","1","RPPs: All items",91.5
"39460","Punta Gorda, FL (Metropolitan Statistical Area)","1","RPPs: All items",94.7
"39540","Racine, WI (Metropolitan Statistical Area)","1","RPPs: All items",93.2
"39580","Raleigh, NC (Metropolitan Statistical Area)","1","RPPs: All items",95.9
"39660","Rapid City, SD (Metropolitan Statistical Area)","1","RPPs: All items",90.8
"39740","Reading, PA (Metropolitan Statistical Area)","1","RPPs: All items",96.2
"39820","Redding, CA (Metropolitan Statistical Area)","1","RPPs: All items",97.4
"39900","Reno, NV (Metropolitan Statistical Area)","1","RPPs: All items",98.7
"40060","Richmond, VA (Metropolitan Statistical Area)","1","RPPs: All items",96.1
"40140","Riverside-San Bernardino-Ontario, CA (Metropolitan Statistical Area)","1","RPPs: All items",107.4
"40220","Roanoke, VA (Metropolitan Statistical Area)","1","RPPs: All items",90.3
"40340","Rochester, MN (Metropolitan Statistical Area)","1","RPPs: All items",93.9
"40380","Rochester, NY (Metropolitan Statistical Area)","1","RPPs: All items",98.0
"40420","Rockford, IL (Metropolitan Statistical Area)","1","RPPs: All items",89.9
"40580","Rocky Mount, NC (Metropolitan Statistical Area)","1","RPPs: All items",83.9
"40660","Rome, GA (Metropolitan Statistical Area)","1","RPPs: All items",81.1
"40900","Sacramento--Roseville--Arden-Arcade, CA (Metropolitan Statistical Area)","1","RPPs: All items",102.0
"40980","Saginaw, MI (Metropolitan Statistical Area)","1","RPPs: All items",88.8
"41060","St. Cloud, MN (Metropolitan Statistical Area)","1","RPPs: All items",91.8
"41100","St. George, UT (Metropolitan Statistical Area)","1","RPPs: All items",94.6
"41140","St. Joseph, MO-KS (Metropolitan Statistical Area)","1","RPPs: All items",86.5
"41180","St. Louis, MO-IL (Metropolitan Statistical Area)","1","RPPs: All items",90.8
"41420","Salem, OR (Metropolitan Statistical Area)","1","RPPs: All items",95.9
"41500","Salinas, CA (Metropolitan Statistical Area)","1","RPPs: All items",108.1
"41540","Salisbury, MD-DE (Metropolitan Statistical Area)","1","RPPs: All items",89.3
"41620","Salt Lake City, UT (Metropolitan Statistical Area)","1","RPPs: All items",99.4
"41660","San Angelo, TX (Metropolitan Statistical Area)","1","RPPs: All items",93.9
"41700","San Antonio-New Braunfels, TX (Metropolitan Statistical Area)","1","RPPs: All items",94.4
"41740","San Diego-Carlsbad, CA (Metropolitan Statistical Area)","1","RPPs: All items",116.3
"41860","San Francisco-Oakland-Hayward, CA (Metropolitan Statistical Area)","1","RPPs: All items",124.7
"41940","San Jose-Sunnyvale-Santa Clara, CA (Metropolitan Statistical Area)","1","RPPs: All items",127.1
"42020","San Luis Obispo-Paso Robles-Arroyo Grande, CA (Metropolitan Statistical Area)","1","RPPs: All items",107.1
"42100","Santa Cruz-Watsonville, CA (Metropolitan Statistical Area)","1","RPPs: All items",124.8
"42140","Santa Fe, NM (Metropolitan Statistical Area)","1","RPPs: All items",99.8
"42200","Santa Maria-Santa Barbara, CA (Metropolitan Statistical Area)","1","RPPs: All items",109.5
"42220","Santa Rosa, CA (Metropolitan Statistical Area)","1","RPPs: All items",121.0
"42340","Savannah, GA (Metropolitan Statistical Area)","1","RPPs: All items",93.6
"42540","Scranton--Wilkes-Barre--Hazleton, PA (Metropolitan Statistical Area)","1","RPPs: All items",92.3
"42660","Seattle-Tacoma-Bellevue, WA (Metropolitan Statistical Area)","1","RPPs: All items",110.5
"42680","Sebastian-Vero Beach, FL (Metropolitan Statistical Area)","1","RPPs: All items",91.6
"42700","Sebring, FL (Metropolitan Statistical Area)","1","RPPs: All items",82.6
"43100","Sheboygan, WI (Metropolitan Statistical Area)","1","RPPs: All items",90.4
"43300","Sherman-Denison, TX (Metropolitan Statistical Area)","1","RPPs: All items",92.1
"43340","Shreveport-Bossier City, LA (Metropolitan Statistical Area)","1","RPPs: All items",89.9
"43420","Sierra Vista-Douglas, AZ (Metropolitan Statistical Area)","1","RPPs: All items",89.6
"43580","Sioux City, IA-NE-SD (Metropolitan Statistical Area)","1","RPPs: All items",88.9
"43620","Sioux Falls, SD (Metropolitan Statistical Area)","1","RPPs: All items",92.4
"43780","South Bend-Mishawaka, IN-MI (Metropolitan Statistical Area)","1","RPPs: All items",88.7
"43900","Spartanburg, SC (Metropolitan Statistical Area)","1","RPPs: All items",87.7
"44060","Spokane-Spokane Valley, WA (Metropolitan Statistical Area)","1","RPPs: All items",95.2
"44100","Springfield, IL (Metropolitan Statistical Area)","1","RPPs: All items",91.0
"44140","Springfield, MA (Metropolitan Statistical Area)","1","RPPs: All items",97.4
"44180","Springfield, MO (Metropolitan Statistical Area)","1","RPPs: All items",87.8
"44220","Springfield, OH (Metropolitan Statistical Area)","1","RPPs: All items",87.9
"44300","State College, PA (Metropolitan Statistical Area)","1","RPPs: All items",102.8
"44420","Staunton-Waynesboro, VA (Metropolitan Statistical Area)","1","RPPs: All items",84.8
"44700","Stockton-Lodi, CA (Metropolitan Statistical Area)","1","RPPs: All items",99.6
"44940","Sumter, SC (Metropolitan Statistical Area)","1","RPPs: All items",86.0
"45060","Syracuse, NY (Metropolitan Statistical Area)","1","RPPs: All items",96.7
"45220","Tallahassee, FL (Metropolitan Statistical Area)","1","RPPs: All items",93.0
"45300","Tampa-St. Petersburg-Clearwater, FL (Metropolitan Statistical Area)","1","RPPs: All items",99.8
"45460","Terre Haute, IN (Metropolitan Statistical Area)","1","RPPs: All items",87.2
"45500","Texarkana, TX-AR (Metropolitan Statistical Area)","1","RPPs: All items",87.6
"45540","The Villages, FL (Metropolitan Statistical Area)","1","RPPs: All items",93.1
"45780","Toledo, OH (Metropolitan Statistical Area)","1","RPPs: All items",88.7
"45820","Topeka, KS (Metropolitan Statistical Area)","1","RPPs: All items",89.1
"45940","Trenton, NJ (Metropolitan Statistical Area)","1","RPPs: All items",111.3
"46060","Tucson, AZ (Metropolitan Statistical Area)","1","RPPs: All items",95.8
"46140","Tulsa, OK (Metropolitan Statistical Area)","1","RPPs: All items",90.7
"46220","Tuscaloosa, AL (Metropolitan Statistical Area)","1","RPPs: All items",88.4
"46300","Twin Falls, ID (Metropolitan Statistical Area)2/","1","RPPs: All items","(NA)"
"46340","Tyler, TX (Metropolitan Statistical Area)","1","RPPs: All items",93.7
"46520","Urban Honolulu, HI (Metropolitan Statistical Area)","1","RPPs: All items",124.4
"46540","Utica-Rome, NY (Metropolitan Statistical Area)","1","RPPs: All items",93.7
"46660","Valdosta, GA (Metropolitan Statistical Area)","1","RPPs: All items",80.9
"46700","Vallejo-Fairfield, CA (Metropolitan Statistical Area)","1","RPPs: All items",117.6
"47020","Victoria, TX (Metropolitan Statistical Area)","1","RPPs: All items",94.2
"47220","Vineland-Bridgeton, NJ (Metropolitan Statistical Area)","1","RPPs: All items",100.0
"47260","Virginia Beach-Norfolk-Newport News, VA-NC (Metropolitan Statistical Area)","1","RPPs: All items",97.9
"47300","Visalia-Porterville, CA (Metropolitan Statistical Area)","1","RPPs: All items",94.4
"47380","Waco, TX (Metropolitan Statistical Area)","1","RPPs: All items",91.6
"47460","Walla Walla, WA (Metropolitan Statistical Area)","1","RPPs: All items",94.6
"47580","Warner Robins, GA (Metropolitan Statistical Area)","1","RPPs: All items",88.5
"47900","Washington-Arlington-Alexandria, DC-VA-MD-WV (Metropolitan Statistical Area)","1","RPPs: All items",119.1
"47940","Waterloo-Cedar Falls, IA (Metropolitan Statistical Area)","1","RPPs: All items",90.9
"48060","Watertown-Fort Drum, NY (Metropolitan Statistical Area)","1","RPPs: All items",98.6
"48140","Wausau, WI (Metropolitan Statistical Area)","1","RPPs: All items",91.1
"48260","Weirton-Steubenville, WV-OH (Metropolitan Statistical Area)","1","RPPs: All items",84.5
"48300","Wenatchee, WA (Metropolitan Statistical Area)","1","RPPs: All items",95.2
"48540","Wheeling, WV-OH (Metropolitan Statistical Area)","1","RPPs: All items",85.9
"48620","Wichita, KS (Metropolitan Statistical Area)","1","RPPs: All items",90.2
"48660","Wichita Falls, TX (Metropolitan Statistical Area)","1","RPPs: All items",89.8
"48700","Williamsport, PA (Metropolitan Statistical Area)","1","RPPs: All items",92.7
"48900","Wilmington, NC (Metropolitan Statistical Area)","1","RPPs: All items",93.4
"49020","Winchester, VA-WV (Metropolitan Statistical Area)","1","RPPs: All items",92.0
"49180","Winston-Salem, NC (Metropolitan Statistical Area)","1","RPPs: All items",89.0
"49340","Worcester, MA-CT (Metropolitan Statistical Area)","1","RPPs: All items",103.6
"49420","Yakima, WA (Metropolitan Statistical Area)","1","RPPs: All items",93.6
"49620","York-Hanover, PA (Metropolitan Statistical Area)","1","RPPs: All items",96.5
"49660","Youngstown-Warren-Boardman, OH-PA (Metropolitan Statistical Area)","1","RPPs: All items",87.5
"49700","Yuba City, CA (Metropolitan Statistical Area)","1","RPPs: All items",97.1
"49740","Yuma, AZ (Metropolitan Statistical Area)","1","RPPs: All items",91.4
